<?xml version="1.0" encoding="UTF-8"?>
<GenRun Id="synth_1" LaunchPart="xc7a35tcpg236-1" LaunchTime="1751588555">
  <File Type="PA-TCL" Name="my_top.tcl"/>
  <File Type="REPORTS-TCL" Name="my_top_reports.tcl"/>
  <File Type="RDS-RDS" Name="my_top.vds"/>
  <File Type="RDS-UTIL" Name="my_top_utilization_synth.rpt"/>
  <File Type="RDS-UTIL-PB" Name="my_top_utilization_synth.pb"/>
  <File Type="RDS-DCP" Name="my_top.dcp"/>
  <FileSet Name="sources" Type="DesignSrcs" RelSrcDir="$PSRCDIR/sources_1" RelGenDir="$PGENDIR/sources_1">
    <Filter Type="Srcs"/>
    <File Path="$PSRCDIR/sources_1/imports/sources_1/new/btn_command_controller.v">
      <FileInfo>
        <Attr Name="ImportPath" Val="$PPRDIR/../04.fnd_control/04.fnd_control.srcs/sources_1/new/btn_command_controller.v"/>
        <Attr Name="ImportTime" Val="1751526069"/>
        <Attr Name="UsedIn" Val="synthesis"/>
        <Attr Name="UsedIn" Val="implementation"/>
        <Attr Name="UsedIn" Val="simulation"/>
      </FileInfo>
    </File>
    <File Path="$PSRCDIR/sources_1/imports/sources_1/new/fnd_controller.v">
      <FileInfo>
        <Attr Name="ImportPath" Val="$PPRDIR/../04.fnd_control/04.fnd_control.srcs/sources_1/new/fnd_controller.v"/>
        <Attr Name="ImportTime" Val="1751511272"/>
        <Attr Name="UsedIn" Val="synthesis"/>
        <Attr Name="UsedIn" Val="implementation"/>
        <Attr Name="UsedIn" Val="simulation"/>
      </FileInfo>
    </File>
    <File Path="$PSRCDIR/sources_1/imports/sources_1/imports/new/my_btn_debounce.v">
      <FileInfo>
        <Attr Name="ImportPath" Val="$PPRDIR/../04.fnd_control/04.fnd_control.srcs/sources_1/imports/new/my_btn_debounce.v"/>
        <Attr Name="ImportTime" Val="1751521707"/>
        <Attr Name="UsedIn" Val="synthesis"/>
        <Attr Name="UsedIn" Val="implementation"/>
        <Attr Name="UsedIn" Val="simulation"/>
      </FileInfo>
    </File>
    <File Path="$PSRCDIR/sources_1/new/stopwatch_core.v">
      <FileInfo>
        <Attr Name="UsedIn" Val="synthesis"/>
        <Attr Name="UsedIn" Val="implementation"/>
        <Attr Name="UsedIn" Val="simulation"/>
      </FileInfo>
    </File>
    <File Path="$PSRCDIR/sources_1/imports/sources_1/imports/new/tick_generator.v">
      <FileInfo>
        <Attr Name="ImportPath" Val="$PPRDIR/../04.fnd_control/04.fnd_control.srcs/sources_1/imports/new/tick_generator.v"/>
        <Attr Name="ImportTime" Val="1751500382"/>
        <Attr Name="UsedIn" Val="synthesis"/>
        <Attr Name="UsedIn" Val="implementation"/>
        <Attr Name="UsedIn" Val="simulation"/>
      </FileInfo>
    </File>
    <File Path="$PSRCDIR/sources_1/imports/sources_1/imports/new/my_top.v">
      <FileInfo>
        <Attr Name="ImportPath" Val="$PPRDIR/../04.fnd_control/04.fnd_control.srcs/sources_1/imports/new/my_top.v"/>
        <Attr Name="ImportTime" Val="1751522616"/>
        <Attr Name="UsedIn" Val="synthesis"/>
        <Attr Name="UsedIn" Val="implementation"/>
        <Attr Name="UsedIn" Val="simulation"/>
      </FileInfo>
    </File>
    <File Path="$PSRCDIR/sources_1/new/tb_minsec_stopwatch.v">
      <FileInfo>
        <Attr Name="AutoDisabled" Val="1"/>
        <Attr Name="UsedIn" Val="synthesis"/>
        <Attr Name="UsedIn" Val="implementation"/>
        <Attr Name="UsedIn" Val="simulation"/>
      </FileInfo>
    </File>
    <Config>
      <Option Name="DesignMode" Val="RTL"/>
      <Option Name="TopModule" Val="my_top"/>
      <Option Name="TopAutoSet" Val="TRUE"/>
    </Config>
  </FileSet>
  <FileSet Name="constrs_in" Type="Constrs" RelSrcDir="$PSRCDIR/constrs_1">
    <Filter Type="Constrs"/>
    <File Path="$PSRCDIR/constrs_1/imports/temp/Basys3-Master_orginal.xdc">
      <FileInfo>
        <Attr Name="ImportPath" Val="$PPRDIR/../04.fnd_control/04.fnd_control.srcs/constrs_1/imports/temp/Basys3-Master_orginal.xdc"/>
        <Attr Name="ImportTime" Val="1751514936"/>
        <Attr Name="UsedIn" Val="synthesis"/>
        <Attr Name="UsedIn" Val="implementation"/>
      </FileInfo>
    </File>
    <Config>
      <Option Name="ConstrsType" Val="XDC"/>
    </Config>
  </FileSet>
  <FileSet Name="utils" Type="Utils" RelSrcDir="$PSRCDIR/utils_1">
    <Filter Type="Utils"/>
    <Config>
      <Option Name="TopAutoSet" Val="TRUE"/>
    </Config>
  </FileSet>
  <Strategy Version="1" Minor="2">
    <StratHandle Name="Vivado Synthesis Defaults" Flow="Vivado Synthesis 2021"/>
    <Step Id="synth_design"/>
  </Strategy>
</GenRun>
