<?xml version="1.0" encoding="UTF-8"?>
<GenRun Id="impl_1" LaunchPart="xc7a35tcpg236-1" LaunchTime="1751588604">
  <File Type="ROUTE-PWR" Name="my_top_power_routed.rpt"/>
  <File Type="PA-TCL" Name="my_top.tcl"/>
  <File Type="ROUTE-PWR-SUM" Name="my_top_power_summary_routed.pb"/>
  <File Type="REPORTS-TCL" Name="my_top_reports.tcl"/>
  <File Type="BITSTR-MSK" Name="my_top.msk"/>
  <File Type="ROUTE-CLK" Name="my_top_clock_utilization_routed.rpt"/>
  <File Type="RDI-RDI" Name="my_top.vdi"/>
  <File Type="BG-BIT" Name="my_top.bit"/>
  <File Type="BG-DRC" Name="my_top.drc"/>
  <File Type="BG-BGN" Name="my_top.bgn"/>
  <File Type="BG-BIN" Name="my_top.bin"/>
  <File Type="BITSTR-RBT" Name="my_top.rbt"/>
  <File Type="BITSTR-NKY" Name="my_top.nky"/>
  <File Type="BITSTR-BMM" Name="my_top_bd.bmm"/>
  <File Type="BITSTR-MMI" Name="my_top.mmi"/>
  <File Type="ROUTE-METHODOLOGY-DRC" Name="my_top_methodology_drc_routed.rpt"/>
  <File Type="BITSTR-SYSDEF" Name="my_top.sysdef"/>
  <File Type="BITSTR-LTX" Name="debug_nets.ltx"/>
  <File Type="BITSTR-LTX" Name="my_top.ltx"/>
  <File Type="WBT-USG" Name="usage_statistics_webtalk.html"/>
  <File Type="OPT-DRC" Name="my_top_drc_opted.rpt"/>
  <File Type="OPT-HWDEF" Name="my_top.hwdef"/>
  <File Type="PLACE-IO" Name="my_top_io_placed.rpt"/>
  <File Type="PLACE-UTIL" Name="my_top_utilization_placed.rpt"/>
  <File Type="PLACE-UTIL-PB" Name="my_top_utilization_placed.pb"/>
  <File Type="PLACE-CTRL" Name="my_top_control_sets_placed.rpt"/>
  <File Type="PLACE-PRE-SIMILARITY" Name="my_top_incremental_reuse_pre_placed.rpt"/>
  <File Type="ROUTE-DRC" Name="my_top_drc_routed.rpt"/>
  <File Type="ROUTE-DRC-PB" Name="my_top_drc_routed.pb"/>
  <File Type="ROUTE-PWR-RPX" Name="my_top_power_routed.rpx"/>
  <File Type="ROUTE-STATUS" Name="my_top_route_status.rpt"/>
  <File Type="ROUTE-STATUS-PB" Name="my_top_route_status.pb"/>
  <File Type="ROUTE-DCP" Name="my_top_routed.dcp"/>
  <File Type="ROUTE-ERROR-DCP" Name="my_top_routed_error.dcp"/>
  <File Type="ROUTE-BLACKBOX-DCP" Name="my_top_routed_bb.dcp"/>
  <File Type="ROUTE-TIMINGSUMMARY" Name="my_top_timing_summary_routed.rpt"/>
  <File Type="ROUTE-TIMING-PB" Name="my_top_timing_summary_routed.pb"/>
  <File Type="ROUTE-TIMING-RPX" Name="my_top_timing_summary_routed.rpx"/>
  <File Type="ROUTE-BUS-SKEW" Name="my_top_bus_skew_routed.rpt"/>
  <File Type="ROUTE-BUS-SKEW-PB" Name="my_top_bus_skew_routed.pb"/>
  <File Type="ROUTE-BUS-SKEW-RPX" Name="my_top_bus_skew_routed.rpx"/>
  <File Type="OPT-DCP" Name="my_top_opt.dcp"/>
  <File Type="PLACE-DCP" Name="my_top_placed.dcp"/>
  <File Type="PWROPT-DCP" Name="my_top_pwropt.dcp"/>
  <File Type="POSTPLACE-PWROPT-DCP" Name="my_top_postplace_pwropt.dcp"/>
  <File Type="PHYSOPT-DCP" Name="my_top_physopt.dcp"/>
  <File Type="POSTROUTE-PHYSOPT-DCP" Name="my_top_postroute_physopt.dcp"/>
  <File Type="POSTROUTE-PHYSOPT-BLACKBOX-DCP" Name="my_top_postroute_physopt_bb.dcp"/>
  <File Type="ROUTE-METHODOLOGY-DRC-PB" Name="my_top_methodology_drc_routed.pb"/>
  <File Type="ROUTE-DRC-RPX" Name="my_top_drc_routed.rpx"/>
  <File Type="ROUTE-METHODOLOGY-DRC-RPX" Name="my_top_methodology_drc_routed.rpx"/>
  <File Type="PDI-FILE" Name="my_top.pdi"/>
  <File Type="RCFI_FILE" Name="my_top.rcfi"/>
  <File Type="CFI_FILE" Name="my_top.cfi"/>
  <File Type="RNPI_FILE" Name="my_top.rnpi"/>
  <File Type="NPI_FILE" Name="my_top.npi"/>
  <File Type="RBD_FILE" Name="my_top.rbd"/>
  <FileSet Name="sources" Type="DesignSrcs" RelSrcDir="$PSRCDIR/sources_1" RelGenDir="$PGENDIR/sources_1">
    <Filter Type="Srcs"/>
    <File Path="$PSRCDIR/sources_1/imports/sources_1/new/btn_command_controller.v">
      <FileInfo>
        <Attr Name="ImportPath" Val="$PPRDIR/../04.fnd_control/04.fnd_control.srcs/sources_1/new/btn_command_controller.v"/>
        <Attr Name="ImportTime" Val="1751526069"/>
        <Attr Name="UsedIn" Val="synthesis"/>
        <Attr Name="UsedIn" Val="implementation"/>
        <Attr Name="UsedIn" Val="simulation"/>
      </FileInfo>
    </File>
    <File Path="$PSRCDIR/sources_1/imports/sources_1/new/fnd_controller.v">
      <FileInfo>
        <Attr Name="ImportPath" Val="$PPRDIR/../04.fnd_control/04.fnd_control.srcs/sources_1/new/fnd_controller.v"/>
        <Attr Name="ImportTime" Val="1751511272"/>
        <Attr Name="UsedIn" Val="synthesis"/>
        <Attr Name="UsedIn" Val="implementation"/>
        <Attr Name="UsedIn" Val="simulation"/>
      </FileInfo>
    </File>
    <File Path="$PSRCDIR/sources_1/imports/sources_1/imports/new/my_btn_debounce.v">
      <FileInfo>
        <Attr Name="ImportPath" Val="$PPRDIR/../04.fnd_control/04.fnd_control.srcs/sources_1/imports/new/my_btn_debounce.v"/>
        <Attr Name="ImportTime" Val="1751521707"/>
        <Attr Name="UsedIn" Val="synthesis"/>
        <Attr Name="UsedIn" Val="implementation"/>
        <Attr Name="UsedIn" Val="simulation"/>
      </FileInfo>
    </File>
    <File Path="$PSRCDIR/sources_1/new/stopwatch_core.v">
      <FileInfo>
        <Attr Name="UsedIn" Val="synthesis"/>
        <Attr Name="UsedIn" Val="implementation"/>
        <Attr Name="UsedIn" Val="simulation"/>
      </FileInfo>
    </File>
    <File Path="$PSRCDIR/sources_1/imports/sources_1/imports/new/tick_generator.v">
      <FileInfo>
        <Attr Name="ImportPath" Val="$PPRDIR/../04.fnd_control/04.fnd_control.srcs/sources_1/imports/new/tick_generator.v"/>
        <Attr Name="ImportTime" Val="1751500382"/>
        <Attr Name="UsedIn" Val="synthesis"/>
        <Attr Name="UsedIn" Val="implementation"/>
        <Attr Name="UsedIn" Val="simulation"/>
      </FileInfo>
    </File>
    <File Path="$PSRCDIR/sources_1/imports/sources_1/imports/new/my_top.v">
      <FileInfo>
        <Attr Name="ImportPath" Val="$PPRDIR/../04.fnd_control/04.fnd_control.srcs/sources_1/imports/new/my_top.v"/>
        <Attr Name="ImportTime" Val="1751522616"/>
        <Attr Name="UsedIn" Val="synthesis"/>
        <Attr Name="UsedIn" Val="implementation"/>
        <Attr Name="UsedIn" Val="simulation"/>
      </FileInfo>
    </File>
    <File Path="$PSRCDIR/sources_1/new/tb_minsec_stopwatch.v">
      <FileInfo>
        <Attr Name="AutoDisabled" Val="1"/>
        <Attr Name="UsedIn" Val="synthesis"/>
        <Attr Name="UsedIn" Val="implementation"/>
        <Attr Name="UsedIn" Val="simulation"/>
      </FileInfo>
    </File>
    <Config>
      <Option Name="DesignMode" Val="RTL"/>
      <Option Name="TopModule" Val="my_top"/>
      <Option Name="TopAutoSet" Val="TRUE"/>
    </Config>
  </FileSet>
  <FileSet Name="constrs_in" Type="Constrs" RelSrcDir="$PSRCDIR/constrs_1">
    <Filter Type="Constrs"/>
    <File Path="$PSRCDIR/constrs_1/imports/temp/Basys3-Master_orginal.xdc">
      <FileInfo>
        <Attr Name="ImportPath" Val="$PPRDIR/../04.fnd_control/04.fnd_control.srcs/constrs_1/imports/temp/Basys3-Master_orginal.xdc"/>
        <Attr Name="ImportTime" Val="1751514936"/>
        <Attr Name="UsedIn" Val="synthesis"/>
        <Attr Name="UsedIn" Val="implementation"/>
      </FileInfo>
    </File>
    <Config>
      <Option Name="ConstrsType" Val="XDC"/>
    </Config>
  </FileSet>
  <FileSet Name="utils" Type="Utils" RelSrcDir="$PSRCDIR/utils_1">
    <Filter Type="Utils"/>
    <Config>
      <Option Name="TopAutoSet" Val="TRUE"/>
    </Config>
  </FileSet>
  <Strategy Version="1" Minor="2">
    <StratHandle Name="Vivado Implementation Defaults" Flow="Vivado Implementation 2021"/>
    <Step Id="init_design"/>
    <Step Id="opt_design"/>
    <Step Id="power_opt_design"/>
    <Step Id="place_design"/>
    <Step Id="post_place_power_opt_design"/>
    <Step Id="phys_opt_design"/>
    <Step Id="route_design"/>
    <Step Id="post_route_phys_opt_design"/>
    <Step Id="write_bitstream"/>
    <Step Id="write_device_image"/>
  </Strategy>
</GenRun>
